{
  "target": "lizard",
  "fc1_min": -1.867527723312378,
  "fc1_scale": 2.6817543506622314,
  "fc1_bias": [
    0.004476471804082394,
    0.01027046237140894,
    0.0339762382209301,
    -0.0005981932627037168,
    -0.03835951164364815,
    -0.009580451995134354,
    -0.002376933814957738,
    0.01932014338672161,
    0.002373158000409603,
    -0.01608738675713539,
    0.026669923216104507,
    0.02261614240705967,
    -0.06207847222685814,
    0.03638456389307976,
    -0.03707084059715271,
    0.02043636329472065,
    -0.0011704359203577042,
    0.020701231434941292,
    0.02390918880701065,
    0.014006098732352257,
    0.005769813433289528,
    0.03472930192947388,
    0.0026080328971147537,
    0.012224252335727215,
    -0.012627484276890755,
    -0.0011126160388812423,
    0.011243208311498165,
    -0.007268697954714298,
    -0.013689613901078701,
    0.04610390216112137,
    -0.10279756039381027,
    0.014975281432271004,
    0.005311704706400633,
    0.019369075074791908,
    0.03255975618958473,
    0.06504619866609573,
    -0.06406408548355103,
    0.02086712419986725,
    0.005076129455119371,
    0.048309363424777985,
    -0.0031404129695147276,
    0.05401645973324776,
    0.040459975600242615,
    0.018284570425748825,
    -0.0034100355114787817,
    0.006348096765577793,
    0.015058515593409538,
    0.018924620002508163,
    -0.010926946997642517,
    -0.0015005534514784813,
    0.06500519812107086,
    0.0031620399095118046,
    0.007326078601181507,
    0.0013251323252916336,
    0.007077121641486883,
    -0.03468936309218407,
    -0.0020523027051240206,
    -0.04902811348438263,
    -0.038769014179706573,
    -0.05109211429953575,
    0.0005760272033512592,
    -0.01179515477269888,
    0.0283273346722126,
    0.0408640094101429,
    0.0002552648657001555,
    0.004214196000248194,
    0.012456686235964298,
    -0.019559534266591072,
    0.04108894616365433,
    0.03326647728681564,
    0.010128134861588478,
    0.0040192026644945145,
    0.05429602786898613,
    0.007656790781766176,
    0.0017825025133788586,
    0.008039173670113087,
    0.011006084270775318,
    -0.005385616794228554,
    0.012741480022668839,
    -0.022970987483859062,
    0.01091699581593275,
    -0.050340134650468826,
    0.01597675494849682,
    -0.0014498175587505102,
    0.0015297795180231333,
    0.0074118138290941715,
    -0.002212525112554431,
    0.0011743212817236781,
    0.10953481495380402,
    0.010271348059177399,
    0.019083447754383087,
    0.010803584940731525,
    -0.020131781697273254,
    -0.05835273861885071,
    0.0068981703370809555,
    -0.015649491921067238
  ],
  "fc2_min": -0.7177895307540894,
  "fc2_scale": 1.3613198399543762,
  "fc2_bias": [
    -0.03518586978316307,
    0.016037698835134506,
    -0.04461051523685455,
    -0.0012290362501516938,
    -0.04491925612092018,
    0.04851148650050163,
    0.001823933096602559,
    0.006340952590107918,
    0.012884140014648438,
    -0.003197463694959879,
    0.06907220184803009,
    -0.04163896292448044,
    -0.0039415000937879086,
    -0.015573929995298386,
    0.03535912558436394,
    0.017281726002693176
  ]
}